1,1,1,1,1
1,1,1,[1],1
2,2,2,[2],2
3,3,3,[3],3
4,4,4,[4],4
5,5,5,[5],5
6,6,6,[6],6
1,1,1,[1],1
2,2,2,[2],2
3,3,3,[3],3
4,4,4,[4],4
9,9,9,[9],9
8,8,8,[8],8
7,7,7,[7],7
6,6,6,[6],6
1,1,1,[1],1
1,1,1,[1,  1,  1,  1],1
1,1,1,[1,  1,  1,  1],1
1,1,1,[1],1
2,2,2,[2],2
3,3,3,[3],3
4,4,4,[4],4
1,1,1,[1],1
2,2,2,[2],2
3,3,3,[3],3
4,4,4,[4],4
1,1,1,[1],1
1,1,1,[1],1
1,1,1,[1],1
1,1,1,[1],1
1,1,1,[1],1
1,1,1,[1],1
1`,1,1,[1],1
1,1,1,[1],1
1,1,1,[1],1
2,2,2,[2],2
1,1,1,[1],1
1,1,1,[1],1
1,1,1,[1],1
1,1,1,[1],1
1,1,1,[1],1
1,1,1,[1],1
1,1,1,[1],1
1,1,1,[1],1
2,2,2,[2],2
3,3,3,[3],3
1,1,1,[1],1
1,1,1,[1],1
2,2,2,[2],2
1,1,1,[1],1
1,1,1,[1],1
2,2,2,[2],2
1,1,1,[1],1
2,2,2,[2],2
1,1,1,[1],1
1,1,1,[1],1
1,1,1,[1],1
1,1,1,[1],1
1,1,1,[1],1
1,1,1,[1],1
1,1,1,[1],1
1,1,1,[1],1
2,2,2,[2],2
3,3,3,[3],3
1,1,1,[1],1
2,2,2,[2],2
3,3,3,[3],3
1,1,1,[1],1
1,1,1,[1],1
1,1,1,[1],1
2,2,2,[2],2
1,1,1,[1],1
1,1,1,[1],1
1,1,1,[1],1
2,2,2,[2],2
1,1,1,[1],1
1,1,1,[1],1
1,1,1,[1],1
1,1,1,[1],1
2,2,2,[2],2
1,1,1,[1],1
1,1,1,[1],1
1,1,1,[1],1
1,1,1,[1],1
2,2,2,[2],2
1,1,1,[1],1
1,1,1,[1],1
2,2,2,[2],2
1,1,1,[1],1
2,2,2,[2],2
1,1,1,[1],1
1,1,1,[1],1
1,1,1,[1],1
1,1,1,[1],1
1,1,1,[1],1
2,2,2,[2],2
3,3,3,[3],3
1,1,1,[1],1
2,2,2,[2],2
3,3,3,[3],3
4,4,4,[4],4
1,1,1,[1],1
1,1,1,[1],1
1,1,1,[1],1
2,2,2,[2],2
1,1,1,[1],1
2,2,2,[2],2
3,3,3,[3],3
1,1,1,[1],1
2,2,2,[2],2
1,1,1,[1],1
2,2,2,[2],2
1,1,1,[1],1
2,2,2,[2],2
1,1,1,[1],1
2,2,2,[2],2
3,3,3,[3],3
4,4,4,[4],4
5,5,5,[5],5
1,1,1,[1],1
1,1,1,[1],1
1,1,1,[1],1
1,1,1,[1],1
1,1,1,[1],1
Forgot  Movie Names,1,1,[1],1
1,1,1,[1],1
1,DRAMA,1,[1],1
1,THRILLER,1,[1],1
1,DRAMA,1,[1],1
1,THRILLER,1,[1],1
1,null,1,[1],1
1,DRAMA,1,[1],1
1,DRAMA,1,[1],1
1,DRAMA,1,[1],11
1,DRAMA,1,[1],1
1,null,1,[1],1
1,null,1,[1],1
1,COMEDY,1,[1],1
1,null,1,[1],1
1,null,1,[1],1
1,COMEDY,1,[1],1
2,COMEDY,2,[2],2
1,COMEDY,1,[1],1
1,COMEDY,1,[1],C:\\Users\\Lenovo\\Desktop\\download.jpg
Hi,COMEDY,1997,[loi,  kio],C:\\Users\\Lenovo\\Desktop\\download.jpg
Kill,DRAMA,1995,[kio-john],C:\\Users\\Lenovo\\Desktop\\download.jpg
1,COMEDY,1,[1],1
1,COMEDY,1,[1],1
1,DRAMA,1,[1],1
1,DRAMA,1,[1],1
1,DRAMA,1,[1],1
1,COMEDY,1,[1],1
1,DRAMA,1,[1],1
1,COMEDY,1,[1],1
2,DRAMA,2,[2],2
1,COMEDY,1,[1],1
1,COMEDY,1,[1],1
1,COMEDY,1,[1],1
1,COMEDY,1,[1],1
1,COMEDY,1,[1],1
1,COMEDY,1,[1],1
1,COMEDY,1,[1],1
1,COMEDY,1,[1],1
1,COMEDY,11,[1],1
1,COMEDY,1,[1],1
1,DRAMA,1,[1],1
1,COMEDY,1,[1],1
1,COMEDY,1,[1],1
1,COMEDY,1,[1],1
